{
    "accuracy": 0.9358386801099908,
    "precision": 0.7769784172661871,
    "recall": 0.7346938775510204,
    "f1_score": 0.7552447552447552,
    "roc_auc": 0.9434884123140782
}
